{
    "perception": {
        "baseline_mse": 0.17796079965965145,
        "perturbed_mse": 0.1839059378532532,
        "degradation_factor": 1.0334069518169298
    },
    "imagination": {
        "drift_over_time": [
            0.22059855153593774,
            0.21531291003331635,
            0.23033097715470224,
            0.23969927671713426,
            0.24703444660889726,
            0.2522507531863249,
            0.2590796197325653,
            0.25944397857468027,
            0.26349073061035905,
            0.2664295367859909
        ]
    }
}