{
    "perception": {
        "baseline_mse": 0.16956248408683916,
        "perturbed_mse": 0.1740252474623589,
        "degradation_factor": 1.0263192246584567
    },
    "imagination": {
        "drift_over_time": [
            65.96711987516474,
            16.510155907462018,
            13.004567823979588,
            13.069767749617043,
            13.532847127895408,
            10.991731320526375,
            10.070764995728137,
            9.20772594145098,
            8.813333492487931,
            8.466746978363078
        ]
    }
}