{
  "incumbent_ids": [
    2
  ],
  "rejected_config_ids": [
    1
  ],
  "incumbents_changed": 2,
  "trajectory": [
    {
      "config_ids": [
        1
      ],
      "costs": [
        0.06245117783546448
      ],
      "trial": 1,
      "walltime": 760.1994307041168
    },
    {
      "config_ids": [
        2
      ],
      "costs": [
        0.04850428570061922
      ],
      "trial": 2,
      "walltime": 1742.7262332439423
    }
  ],
  "state": {
    "tracker": {
      "0,0": [
        [
          0,
          [
            {
              "activation_fn": "gelu",
              "batch_size": 16,
              "latent_dim": 128,
              "learning_rate": 2.65187149e-05,
              "loss_alpha": 8.6272643617354,
              "num_heads": 4,
              "patch_size": 128,
              "probe_learning_rate": 0.0098528350034,
              "seq_len": 8,
              "tau": 0.9970625621818,
              "use_masking": true,
              "vit_depth": 7,
              "weight_decay": 7.6374307e-06,
              "wm_depth": 2,
              "masking_ratio": 0.8766694895923
            },
            {
              "activation_fn": "silu",
              "batch_size": 16,
              "latent_dim": 512,
              "learning_rate": 0.0004928762213,
              "loss_alpha": 4.4673659452237,
              "num_heads": 8,
              "patch_size": 16,
              "probe_learning_rate": 0.0004938047613,
              "seq_len": 6,
              "tau": 0.9925432444951,
              "use_masking": false,
              "vit_depth": 3,
              "weight_decay": 0.007631562498,
              "wm_depth": 5
            }
          ]
        ]
      ]
    },
    "next_bracket": 1
  }
}